id,first_name,last_name,email
1,Cordelie,Chesley,cchesley0@cisco.com
2,Micky,Burdge,mburdge1@blogger.com
3,Avigdor,Potteril,apotteril2@buzzfeed.com
4,Sindee,Dwelling,sdwelling3@furl.net
5,Frederic,Tomowicz,ftomowicz4@technorati.com
6,Koressa,Beedie,kbeedie5@ustream.tv
7,Marget,Skeemer,mskeemer6@nationalgeographic.com
8,Izabel,Liptrod,iliptrod7@scribd.com
9,Roman,Aisthorpe,raisthorpe8@businesswire.com
10,Herc,Hawkett,hhawkett9@vkontakte.ru
